date,firm_id,equity_vol
2020-01-01,FIRM_A,0.2198
2020-01-02,FIRM_A,0.2127
2020-01-03,FIRM_A,0.2213
2020-01-06,FIRM_A,0.2115
2020-01-07,FIRM_A,0.1975
2020-01-08,FIRM_A,0.2194
2020-01-09,FIRM_A,0.2306
2020-01-10,FIRM_A,0.1995
2020-01-13,FIRM_A,0.2022
2020-01-14,FIRM_A,0.2142
2020-01-15,FIRM_A,0.2097
2020-01-16,FIRM_A,0.2222
2020-01-17,FIRM_A,0.2121
2020-01-20,FIRM_A,0.2045
2020-01-21,FIRM_A,0.2067
2020-01-22,FIRM_A,0.2004
2020-01-23,FIRM_A,0.2077
2020-01-24,FIRM_A,0.2166
2020-01-27,FIRM_A,0.2337
2020-01-28,FIRM_A,0.2163
2020-01-29,FIRM_A,0.1974
2020-01-30,FIRM_A,0.2246
2020-01-31,FIRM_A,0.197
2020-02-03,FIRM_A,0.2224
2020-02-04,FIRM_A,0.1685
2020-02-05,FIRM_A,0.2152
2020-02-06,FIRM_A,0.2115
2020-02-07,FIRM_A,0.2162
2020-02-10,FIRM_A,0.2477
2020-02-11,FIRM_A,0.232
2020-02-12,FIRM_A,0.2191
2020-02-13,FIRM_A,0.1946
2020-02-14,FIRM_A,0.2061
2020-02-17,FIRM_A,0.2035
2020-02-18,FIRM_A,0.2262
2020-02-19,FIRM_A,0.2044
2020-02-20,FIRM_A,0.2291
2020-02-21,FIRM_A,0.1883
2020-02-24,FIRM_A,0.2513
2020-02-25,FIRM_A,0.2276
2020-02-26,FIRM_A,0.2008
2020-02-27,FIRM_A,0.2366
2020-02-28,FIRM_A,0.2082
2020-03-02,FIRM_A,0.2125
2020-03-03,FIRM_A,0.2137
2020-03-04,FIRM_A,0.2059
2020-03-05,FIRM_A,0.2028
2020-03-06,FIRM_A,0.2177
2020-03-09,FIRM_A,0.2219
2020-03-10,FIRM_A,0.2368
2020-03-11,FIRM_A,0.2007
2020-03-12,FIRM_A,0.2236
2020-03-13,FIRM_A,0.2199
2020-03-16,FIRM_A,0.2297
2020-03-17,FIRM_A,0.1686
2020-03-18,FIRM_A,0.2356
2020-03-19,FIRM_A,0.2175
2020-03-20,FIRM_A,0.2415
2020-03-23,FIRM_A,0.2241
2020-03-24,FIRM_A,0.2166
2020-03-25,FIRM_A,0.2251
2020-03-26,FIRM_A,0.207
2020-03-27,FIRM_A,0.202
2020-03-30,FIRM_A,0.2501
2020-03-31,FIRM_A,0.2422
2020-04-01,FIRM_A,0.187
2020-04-02,FIRM_A,0.1877
2020-04-03,FIRM_A,0.2354
2020-04-06,FIRM_A,0.2225
2020-04-07,FIRM_A,0.2165
2020-04-08,FIRM_A,0.2409
2020-04-09,FIRM_A,0.2302
2020-04-10,FIRM_A,0.2001
2020-04-13,FIRM_A,0.2097
2020-04-14,FIRM_A,0.1666
2020-04-15,FIRM_A,0.2022
2020-04-16,FIRM_A,0.2271
2020-04-17,FIRM_A,0.1603
2020-04-20,FIRM_A,0.2322
2020-04-21,FIRM_A,0.221
2020-04-22,FIRM_A,0.2134
2020-04-23,FIRM_A,0.2482
2020-04-24,FIRM_A,0.207
2020-04-27,FIRM_A,0.231
2020-04-28,FIRM_A,0.2063
2020-04-29,FIRM_A,0.2096
2020-04-30,FIRM_A,0.2123
2020-05-01,FIRM_A,0.2364
2020-05-04,FIRM_A,0.2127
2020-05-05,FIRM_A,0.2179
2020-05-06,FIRM_A,0.2307
2020-05-07,FIRM_A,0.1868
2020-05-08,FIRM_A,0.2178
2020-05-11,FIRM_A,0.186
2020-05-12,FIRM_A,0.2241
2020-05-13,FIRM_A,0.2296
2020-05-14,FIRM_A,0.2352
2020-05-15,FIRM_A,0.193
2020-05-18,FIRM_A,0.233
2020-05-19,FIRM_A,0.2317
2020-05-20,FIRM_A,0.2221
2020-05-21,FIRM_A,0.255
2020-05-22,FIRM_A,0.2507
2020-05-25,FIRM_A,0.1943
2020-05-26,FIRM_A,0.2334
2020-05-27,FIRM_A,0.246
2020-05-28,FIRM_A,0.206
2020-05-29,FIRM_A,0.1954
2020-06-01,FIRM_A,0.2124
2020-06-02,FIRM_A,0.184
2020-06-03,FIRM_A,0.2268
2020-06-04,FIRM_A,0.2183
2020-06-05,FIRM_A,0.223
2020-06-08,FIRM_A,0.2409
2020-06-09,FIRM_A,0.2122
2020-06-10,FIRM_A,0.1933
2020-06-11,FIRM_A,0.2163
2020-06-12,FIRM_A,0.2296
2020-06-15,FIRM_A,0.2323
2020-06-16,FIRM_A,0.2331
2020-06-17,FIRM_A,0.2271
2020-06-18,FIRM_A,0.2452
2020-06-19,FIRM_A,0.2199
2020-06-22,FIRM_A,0.2193
2020-06-23,FIRM_A,0.2243
2020-06-24,FIRM_A,0.2224
2020-06-25,FIRM_A,0.2308
2020-06-26,FIRM_A,0.2729
2020-06-29,FIRM_A,0.2355
2020-06-30,FIRM_A,0.219
2020-07-01,FIRM_A,0.1653
2020-07-02,FIRM_A,0.2732
2020-07-03,FIRM_A,0.2436
2020-07-06,FIRM_A,0.2171
2020-07-07,FIRM_A,0.208
2020-07-08,FIRM_A,0.1907
2020-07-09,FIRM_A,0.2251
2020-07-10,FIRM_A,0.2438
2020-07-13,FIRM_A,0.2427
2020-07-14,FIRM_A,0.2279
2020-07-15,FIRM_A,0.2545
2020-07-16,FIRM_A,0.2575
2020-07-17,FIRM_A,0.2601
2020-07-20,FIRM_A,0.197
2020-07-21,FIRM_A,0.2324
2020-07-22,FIRM_A,0.2352
2020-07-23,FIRM_A,0.2115
2020-07-24,FIRM_A,0.2367
2020-07-27,FIRM_A,0.2759
2020-07-28,FIRM_A,0.2492
2020-07-29,FIRM_A,0.2531
2020-07-30,FIRM_A,0.2651
2020-07-31,FIRM_A,0.2025
2020-08-03,FIRM_A,0.2519
2020-08-04,FIRM_A,0.2363
2020-08-05,FIRM_A,0.2305
2020-08-06,FIRM_A,0.2189
2020-08-07,FIRM_A,0.2235
2020-08-10,FIRM_A,0.2567
2020-08-11,FIRM_A,0.2087
2020-08-12,FIRM_A,0.229
2020-08-13,FIRM_A,0.2296
2020-08-14,FIRM_A,0.2078
2020-08-17,FIRM_A,0.2316
2020-08-18,FIRM_A,0.2196
2020-08-19,FIRM_A,0.2434
2020-08-20,FIRM_A,0.2016
2020-08-21,FIRM_A,0.2357
2020-08-24,FIRM_A,0.2136
2020-08-25,FIRM_A,0.2562
2020-08-26,FIRM_A,0.202
2020-08-27,FIRM_A,0.2387
2020-08-28,FIRM_A,0.212
2020-08-31,FIRM_A,0.2263
2020-09-01,FIRM_A,0.2202
2020-09-02,FIRM_A,0.2098
2020-09-03,FIRM_A,0.213
2020-09-04,FIRM_A,0.2378
2020-09-07,FIRM_A,0.278
2020-09-08,FIRM_A,0.2252
2020-09-09,FIRM_A,0.2337
2020-09-10,FIRM_A,0.1938
2020-09-11,FIRM_A,0.2
2020-09-14,FIRM_A,0.2118
2020-09-15,FIRM_A,0.2223
2020-09-16,FIRM_A,0.1886
2020-09-17,FIRM_A,0.176
2020-09-18,FIRM_A,0.2491
2020-09-21,FIRM_A,0.1885
2020-09-22,FIRM_A,0.2339
2020-09-23,FIRM_A,0.2268
2020-09-24,FIRM_A,0.2308
2020-09-25,FIRM_A,0.2316
2020-09-28,FIRM_A,0.1967
2020-09-29,FIRM_A,0.2393
2020-09-30,FIRM_A,0.1993
2020-10-01,FIRM_A,0.2294
2020-10-02,FIRM_A,0.2446
2020-10-05,FIRM_A,0.2288
2020-10-06,FIRM_A,0.2025
2020-10-07,FIRM_A,0.2168
2020-10-08,FIRM_A,0.2274
2020-10-09,FIRM_A,0.217
2020-10-12,FIRM_A,0.1861
2020-10-13,FIRM_A,0.2496
2020-10-14,FIRM_A,0.2016
2020-10-15,FIRM_A,0.2264
2020-10-16,FIRM_A,0.2211
2020-10-19,FIRM_A,0.2202
2020-10-20,FIRM_A,0.2399
2020-10-21,FIRM_A,0.2151
2020-10-22,FIRM_A,0.2499
2020-10-23,FIRM_A,0.2229
2020-10-26,FIRM_A,0.2129
2020-10-27,FIRM_A,0.1804
2020-10-28,FIRM_A,0.2274
2020-10-29,FIRM_A,0.1713
2020-10-30,FIRM_A,0.2236
2020-11-02,FIRM_A,0.186
2020-11-03,FIRM_A,0.215
2020-11-04,FIRM_A,0.2179
2020-11-05,FIRM_A,0.1924
2020-11-06,FIRM_A,0.2173
2020-11-09,FIRM_A,0.2062
2020-11-10,FIRM_A,0.1795
2020-11-11,FIRM_A,0.1921
2020-11-12,FIRM_A,0.2308
2020-11-13,FIRM_A,0.2446
2020-11-16,FIRM_A,0.211
2020-11-17,FIRM_A,0.2462
2020-11-18,FIRM_A,0.2281
2020-11-19,FIRM_A,0.2116
2020-11-20,FIRM_A,0.1956
2020-11-23,FIRM_A,0.24
2020-11-24,FIRM_A,0.2385
2020-11-25,FIRM_A,0.2076
2020-11-26,FIRM_A,0.1995
2020-11-27,FIRM_A,0.2124
2020-11-30,FIRM_A,0.2062
2020-12-01,FIRM_A,0.244
2020-12-02,FIRM_A,0.2387
2020-12-03,FIRM_A,0.2157
2020-12-04,FIRM_A,0.2087
2020-12-07,FIRM_A,0.219
2020-12-08,FIRM_A,0.2109
2020-12-09,FIRM_A,0.1968
2020-12-10,FIRM_A,0.2119
2020-12-11,FIRM_A,0.219
2020-12-14,FIRM_A,0.1842
2020-12-15,FIRM_A,0.1892
2020-12-16,FIRM_A,0.2265
2020-12-17,FIRM_A,0.205
2020-01-01,FIRM_B,0.5122
2020-01-02,FIRM_B,0.4961
2020-01-03,FIRM_B,0.459
2020-01-06,FIRM_B,0.4958
2020-01-07,FIRM_B,0.4467
2020-01-08,FIRM_B,0.5375
2020-01-09,FIRM_B,0.5357
2020-01-10,FIRM_B,0.5125
2020-01-13,FIRM_B,0.4316
2020-01-14,FIRM_B,0.481
2020-01-15,FIRM_B,0.4565
2020-01-16,FIRM_B,0.5166
2020-01-17,FIRM_B,0.4131
2020-01-20,FIRM_B,0.477
2020-01-21,FIRM_B,0.5387
2020-01-22,FIRM_B,0.5218
2020-01-23,FIRM_B,0.5764
2020-01-24,FIRM_B,0.5682
2020-01-27,FIRM_B,0.5743
2020-01-28,FIRM_B,0.5026
2020-01-29,FIRM_B,0.4542
2020-01-30,FIRM_B,0.5115
2020-01-31,FIRM_B,0.4843
2020-02-03,FIRM_B,0.4256
2020-02-04,FIRM_B,0.4885
2020-02-05,FIRM_B,0.5061
2020-02-06,FIRM_B,0.482
2020-02-07,FIRM_B,0.4251
2020-02-10,FIRM_B,0.5283
2020-02-11,FIRM_B,0.4801
2020-02-12,FIRM_B,0.4893
2020-02-13,FIRM_B,0.5454
2020-02-14,FIRM_B,0.5164
2020-02-17,FIRM_B,0.4242
2020-02-18,FIRM_B,0.5261
2020-02-19,FIRM_B,0.545
2020-02-20,FIRM_B,0.5607
2020-02-21,FIRM_B,0.5556
2020-02-24,FIRM_B,0.5798
2020-02-25,FIRM_B,0.5323
2020-02-26,FIRM_B,0.5803
2020-02-27,FIRM_B,0.5673
2020-02-28,FIRM_B,0.4875
2020-03-02,FIRM_B,0.6223
2020-03-03,FIRM_B,0.589
2020-03-04,FIRM_B,0.6438
2020-03-05,FIRM_B,0.533
2020-03-06,FIRM_B,0.6954
2020-03-09,FIRM_B,0.589
2020-03-10,FIRM_B,0.5378
2020-03-11,FIRM_B,0.4867
2020-03-12,FIRM_B,0.5641
2020-03-13,FIRM_B,0.6693
2020-03-16,FIRM_B,0.574
2020-03-17,FIRM_B,0.5337
2020-03-18,FIRM_B,0.564
2020-03-19,FIRM_B,0.5147
2020-03-20,FIRM_B,0.5692
2020-03-23,FIRM_B,0.5198
2020-03-24,FIRM_B,0.6013
2020-03-25,FIRM_B,0.5928
2020-03-26,FIRM_B,0.6474
2020-03-27,FIRM_B,0.6996
2020-03-30,FIRM_B,0.5811
2020-03-31,FIRM_B,0.6489
2020-04-01,FIRM_B,0.5838
2020-04-02,FIRM_B,0.5423
2020-04-03,FIRM_B,0.537
2020-04-06,FIRM_B,0.5279
2020-04-07,FIRM_B,0.5184
2020-04-08,FIRM_B,0.4971
2020-04-09,FIRM_B,0.5427
2020-04-10,FIRM_B,0.6098
2020-04-13,FIRM_B,0.6079
2020-04-14,FIRM_B,0.5435
2020-04-15,FIRM_B,0.5038
2020-04-16,FIRM_B,0.5129
2020-04-17,FIRM_B,0.52
2020-04-20,FIRM_B,0.6012
2020-04-21,FIRM_B,0.6192
2020-04-22,FIRM_B,0.4327
2020-04-23,FIRM_B,0.5816
2020-04-24,FIRM_B,0.5114
2020-04-27,FIRM_B,0.6224
2020-04-28,FIRM_B,0.5583
2020-04-29,FIRM_B,0.6333
2020-04-30,FIRM_B,0.5574
2020-05-01,FIRM_B,0.5048
2020-05-04,FIRM_B,0.6672
2020-05-05,FIRM_B,0.5476
2020-05-06,FIRM_B,0.5706
2020-05-07,FIRM_B,0.5662
2020-05-08,FIRM_B,0.4828
2020-05-11,FIRM_B,0.5005
2020-05-12,FIRM_B,0.5647
2020-05-13,FIRM_B,0.5342
2020-05-14,FIRM_B,0.5642
2020-05-15,FIRM_B,0.4771
2020-05-18,FIRM_B,0.5988
2020-05-19,FIRM_B,0.6011
2020-05-20,FIRM_B,0.6265
2020-05-21,FIRM_B,0.5987
2020-05-22,FIRM_B,0.525
2020-05-25,FIRM_B,0.5155
2020-05-26,FIRM_B,0.5616
2020-05-27,FIRM_B,0.5628
2020-05-28,FIRM_B,0.4393
2020-05-29,FIRM_B,0.5196
2020-06-01,FIRM_B,0.4843
2020-06-02,FIRM_B,0.5121
2020-06-03,FIRM_B,0.4889
2020-06-04,FIRM_B,0.5868
2020-06-05,FIRM_B,0.604
2020-06-08,FIRM_B,0.5345
2020-06-09,FIRM_B,0.5429
2020-06-10,FIRM_B,0.5739
2020-06-11,FIRM_B,0.5006
2020-06-12,FIRM_B,0.5429
2020-06-15,FIRM_B,0.4624
2020-06-16,FIRM_B,0.6269
2020-06-17,FIRM_B,0.526
2020-06-18,FIRM_B,0.529
2020-06-19,FIRM_B,0.4989
2020-06-22,FIRM_B,0.5443
2020-06-23,FIRM_B,0.5856
2020-06-24,FIRM_B,0.5777
2020-06-25,FIRM_B,0.5211
2020-06-26,FIRM_B,0.5393
2020-06-29,FIRM_B,0.466
2020-06-30,FIRM_B,0.5466
2020-07-01,FIRM_B,0.5127
2020-07-02,FIRM_B,0.4534
2020-07-03,FIRM_B,0.5311
2020-07-06,FIRM_B,0.4963
2020-07-07,FIRM_B,0.4979
2020-07-08,FIRM_B,0.4799
2020-07-09,FIRM_B,0.3698
2020-07-10,FIRM_B,0.5269
2020-07-13,FIRM_B,0.4119
2020-07-14,FIRM_B,0.4277
2020-07-15,FIRM_B,0.5252
2020-07-16,FIRM_B,0.5489
2020-07-17,FIRM_B,0.4104
2020-07-20,FIRM_B,0.6002
2020-07-21,FIRM_B,0.4934
2020-07-22,FIRM_B,0.4642
2020-07-23,FIRM_B,0.3736
2020-07-24,FIRM_B,0.4855
2020-07-27,FIRM_B,0.5398
2020-07-28,FIRM_B,0.5418
2020-07-29,FIRM_B,0.5124
2020-07-30,FIRM_B,0.5091
2020-07-31,FIRM_B,0.4658
2020-08-03,FIRM_B,0.4476
2020-08-04,FIRM_B,0.5365
2020-08-05,FIRM_B,0.5292
2020-08-06,FIRM_B,0.6076
2020-08-07,FIRM_B,0.567
2020-08-10,FIRM_B,0.5572
2020-08-11,FIRM_B,0.603
2020-08-12,FIRM_B,0.6206
2020-08-13,FIRM_B,0.5511
2020-08-14,FIRM_B,0.63
2020-08-17,FIRM_B,0.5105
2020-08-18,FIRM_B,0.5216
2020-08-19,FIRM_B,0.4611
2020-08-20,FIRM_B,0.6069
2020-08-21,FIRM_B,0.6185
2020-08-24,FIRM_B,0.5931
2020-08-25,FIRM_B,0.6144
2020-08-26,FIRM_B,0.6024
2020-08-27,FIRM_B,0.5746
2020-08-28,FIRM_B,0.5419
2020-08-31,FIRM_B,0.502
2020-09-01,FIRM_B,0.5309
2020-09-02,FIRM_B,0.7048
2020-09-03,FIRM_B,0.5811
2020-09-04,FIRM_B,0.5552
2020-09-07,FIRM_B,0.6635
2020-09-08,FIRM_B,0.5763
2020-09-09,FIRM_B,0.5553
2020-09-10,FIRM_B,0.733
2020-09-11,FIRM_B,0.6579
2020-09-14,FIRM_B,0.5329
2020-09-15,FIRM_B,0.6739
2020-09-16,FIRM_B,0.6364
2020-09-17,FIRM_B,0.5929
2020-09-18,FIRM_B,0.569
2020-09-21,FIRM_B,0.517
2020-09-22,FIRM_B,0.6252
2020-09-23,FIRM_B,0.6711
2020-09-24,FIRM_B,0.5045
2020-09-25,FIRM_B,0.5878
2020-09-28,FIRM_B,0.6118
2020-09-29,FIRM_B,0.737
2020-09-30,FIRM_B,0.6292
2020-10-01,FIRM_B,0.7335
2020-10-02,FIRM_B,0.7174
2020-10-05,FIRM_B,0.7453
2020-10-06,FIRM_B,0.5574
2020-10-07,FIRM_B,0.6077
2020-10-08,FIRM_B,0.7751
2020-10-09,FIRM_B,0.5951
2020-10-12,FIRM_B,0.7002
2020-10-13,FIRM_B,0.8812
2020-10-14,FIRM_B,0.6397
2020-10-15,FIRM_B,0.7454
2020-10-16,FIRM_B,0.8479
2020-10-19,FIRM_B,0.6101
2020-10-20,FIRM_B,0.7599
2020-10-21,FIRM_B,0.7649
2020-10-22,FIRM_B,0.6419
2020-10-23,FIRM_B,0.6484
2020-10-26,FIRM_B,0.7336
2020-10-27,FIRM_B,0.7723
2020-10-28,FIRM_B,0.6263
2020-10-29,FIRM_B,0.7169
2020-10-30,FIRM_B,0.8487
2020-11-02,FIRM_B,0.705
2020-11-03,FIRM_B,0.7811
2020-11-04,FIRM_B,0.5657
2020-11-05,FIRM_B,0.7234
2020-11-06,FIRM_B,0.8358
2020-11-09,FIRM_B,0.6883
2020-11-10,FIRM_B,0.6834
2020-11-11,FIRM_B,0.8963
2020-11-12,FIRM_B,0.7375
2020-11-13,FIRM_B,0.8436
2020-11-16,FIRM_B,0.6279
2020-11-17,FIRM_B,0.7609
2020-11-18,FIRM_B,0.7324
2020-11-19,FIRM_B,0.6853
2020-11-20,FIRM_B,0.6877
2020-11-23,FIRM_B,0.6414
2020-11-24,FIRM_B,0.7454
2020-11-25,FIRM_B,0.7957
2020-11-26,FIRM_B,0.7497
2020-11-27,FIRM_B,0.7324
2020-11-30,FIRM_B,0.8966
2020-12-01,FIRM_B,0.6962
2020-12-02,FIRM_B,0.7975
2020-12-03,FIRM_B,0.7119
2020-12-04,FIRM_B,0.779
2020-12-07,FIRM_B,0.857
2020-12-08,FIRM_B,0.7291
2020-12-09,FIRM_B,0.7526
2020-12-10,FIRM_B,0.7674
2020-12-11,FIRM_B,0.6883
2020-12-14,FIRM_B,0.8585
2020-12-15,FIRM_B,0.7096
2020-12-16,FIRM_B,0.8061
2020-12-17,FIRM_B,0.7192
2020-01-01,FIRM_C,0.9569
2020-01-02,FIRM_C,0.8041
2020-01-03,FIRM_C,0.6873
2020-01-06,FIRM_C,0.8551
2020-01-07,FIRM_C,0.798
2020-01-08,FIRM_C,0.878
2020-01-09,FIRM_C,0.7376
2020-01-10,FIRM_C,0.7339
2020-01-13,FIRM_C,0.7521
2020-01-14,FIRM_C,0.6475
2020-01-15,FIRM_C,0.6223
2020-01-16,FIRM_C,0.7148
2020-01-17,FIRM_C,0.6604
2020-01-20,FIRM_C,0.6536
2020-01-21,FIRM_C,1.0257
2020-01-22,FIRM_C,0.7549
2020-01-23,FIRM_C,0.7639
2020-01-24,FIRM_C,0.78
2020-01-27,FIRM_C,0.7022
2020-01-28,FIRM_C,0.6046
2020-01-29,FIRM_C,0.643
2020-01-30,FIRM_C,0.7471
2020-01-31,FIRM_C,0.7054
2020-02-03,FIRM_C,0.6757
2020-02-04,FIRM_C,0.7709
2020-02-05,FIRM_C,0.7836
2020-02-06,FIRM_C,0.7692
2020-02-07,FIRM_C,0.7732
2020-02-10,FIRM_C,0.6439
2020-02-11,FIRM_C,0.6648
2020-02-12,FIRM_C,0.6409
2020-02-13,FIRM_C,0.7448
2020-02-14,FIRM_C,0.8963
2020-02-17,FIRM_C,0.7783
2020-02-18,FIRM_C,0.6089
2020-02-19,FIRM_C,0.7309
2020-02-20,FIRM_C,0.7349
2020-02-21,FIRM_C,0.7393
2020-02-24,FIRM_C,0.7988
2020-02-25,FIRM_C,0.8185
2020-02-26,FIRM_C,0.7457
2020-02-27,FIRM_C,0.7765
2020-02-28,FIRM_C,0.7042
2020-03-02,FIRM_C,0.8627
2020-03-03,FIRM_C,0.6922
2020-03-04,FIRM_C,0.9335
2020-03-05,FIRM_C,0.98
2020-03-06,FIRM_C,0.9059
2020-03-09,FIRM_C,0.8258
2020-03-10,FIRM_C,0.935
2020-03-11,FIRM_C,0.8121
2020-03-12,FIRM_C,0.8098
2020-03-13,FIRM_C,0.76
2020-03-16,FIRM_C,0.839
2020-03-17,FIRM_C,0.8208
2020-03-18,FIRM_C,0.6615
2020-03-19,FIRM_C,0.7314
2020-03-20,FIRM_C,0.6753
2020-03-23,FIRM_C,0.7934
2020-03-24,FIRM_C,0.9143
2020-03-25,FIRM_C,0.905
2020-03-26,FIRM_C,0.7878
2020-03-27,FIRM_C,0.8165
2020-03-30,FIRM_C,0.8398
2020-03-31,FIRM_C,0.8563
2020-04-01,FIRM_C,0.6231
2020-04-02,FIRM_C,0.833
2020-04-03,FIRM_C,0.808
2020-04-06,FIRM_C,0.816
2020-04-07,FIRM_C,0.8119
2020-04-08,FIRM_C,0.9509
2020-04-09,FIRM_C,0.9103
2020-04-10,FIRM_C,0.8036
2020-04-13,FIRM_C,0.8771
2020-04-14,FIRM_C,0.8634
2020-04-15,FIRM_C,0.7788
2020-04-16,FIRM_C,0.7071
2020-04-17,FIRM_C,0.683
2020-04-20,FIRM_C,0.8753
2020-04-21,FIRM_C,0.7711
2020-04-22,FIRM_C,0.6184
2020-04-23,FIRM_C,0.7483
2020-04-24,FIRM_C,0.7942
2020-04-27,FIRM_C,0.6233
2020-04-28,FIRM_C,0.5564
2020-04-29,FIRM_C,0.8073
2020-04-30,FIRM_C,0.972
2020-05-01,FIRM_C,0.7892
2020-05-04,FIRM_C,0.7243
2020-05-05,FIRM_C,0.7959
2020-05-06,FIRM_C,0.7251
2020-05-07,FIRM_C,0.6913
2020-05-08,FIRM_C,0.6437
2020-05-11,FIRM_C,0.7575
2020-05-12,FIRM_C,0.6576
2020-05-13,FIRM_C,0.7271
2020-05-14,FIRM_C,0.7634
2020-05-15,FIRM_C,0.7269
2020-05-18,FIRM_C,0.7578
2020-05-19,FIRM_C,0.7675
2020-05-20,FIRM_C,0.7718
2020-05-21,FIRM_C,0.7916
2020-05-22,FIRM_C,0.7762
2020-05-25,FIRM_C,0.6761
2020-05-26,FIRM_C,0.7775
2020-05-27,FIRM_C,0.6971
2020-05-28,FIRM_C,0.8336
2020-05-29,FIRM_C,0.7288
2020-06-01,FIRM_C,0.8243
2020-06-02,FIRM_C,0.8303
2020-06-03,FIRM_C,0.7071
2020-06-04,FIRM_C,0.6622
2020-06-05,FIRM_C,0.8334
2020-06-08,FIRM_C,0.7748
2020-06-09,FIRM_C,0.8729
2020-06-10,FIRM_C,0.6608
2020-06-11,FIRM_C,0.7714
2020-06-12,FIRM_C,0.6865
2020-06-15,FIRM_C,0.777
2020-06-16,FIRM_C,0.7719
2020-06-17,FIRM_C,0.7703
2020-06-18,FIRM_C,0.7946
2020-06-19,FIRM_C,0.746
2020-06-22,FIRM_C,0.756
2020-06-23,FIRM_C,0.8578
2020-06-24,FIRM_C,0.7881
2020-06-25,FIRM_C,0.7061
2020-06-26,FIRM_C,0.7115
2020-06-29,FIRM_C,0.8075
2020-06-30,FIRM_C,0.7821
2020-07-01,FIRM_C,0.7392
2020-07-02,FIRM_C,0.8204
2020-07-03,FIRM_C,0.7099
2020-07-06,FIRM_C,0.9189
2020-07-07,FIRM_C,0.772
2020-07-08,FIRM_C,0.8931
2020-07-09,FIRM_C,0.9112
2020-07-10,FIRM_C,0.901
2020-07-13,FIRM_C,0.8799
2020-07-14,FIRM_C,0.7719
2020-07-15,FIRM_C,0.8248
2020-07-16,FIRM_C,1.0694
2020-07-17,FIRM_C,0.8871
2020-07-20,FIRM_C,0.8444
2020-07-21,FIRM_C,1.0673
2020-07-22,FIRM_C,0.9222
2020-07-23,FIRM_C,1.0126
2020-07-24,FIRM_C,0.912
2020-07-27,FIRM_C,0.9659
2020-07-28,FIRM_C,1.1484
2020-07-29,FIRM_C,0.9823
2020-07-30,FIRM_C,1.0141
2020-07-31,FIRM_C,0.9736
2020-08-03,FIRM_C,1.0173
2020-08-04,FIRM_C,0.9266
2020-08-05,FIRM_C,0.9417
2020-08-06,FIRM_C,0.8917
2020-08-07,FIRM_C,0.8027
2020-08-10,FIRM_C,0.8014
2020-08-11,FIRM_C,0.7518
2020-08-12,FIRM_C,0.8946
2020-08-13,FIRM_C,0.8954
2020-08-14,FIRM_C,0.9657
2020-08-17,FIRM_C,0.7686
2020-08-18,FIRM_C,0.7444
2020-08-19,FIRM_C,0.867
2020-08-20,FIRM_C,0.8964
2020-08-21,FIRM_C,0.7907
2020-08-24,FIRM_C,0.9465
2020-08-25,FIRM_C,0.8895
2020-08-26,FIRM_C,1.0197
2020-08-27,FIRM_C,0.8638
2020-08-28,FIRM_C,0.9642
2020-08-31,FIRM_C,0.8874
2020-09-01,FIRM_C,0.8275
2020-09-02,FIRM_C,0.7363
2020-09-03,FIRM_C,0.7785
2020-09-04,FIRM_C,0.9298
2020-09-07,FIRM_C,0.9986
2020-09-08,FIRM_C,0.8176
2020-09-09,FIRM_C,0.9152
2020-09-10,FIRM_C,0.8892
2020-09-11,FIRM_C,0.8076
2020-09-14,FIRM_C,0.8456
2020-09-15,FIRM_C,0.8332
2020-09-16,FIRM_C,0.7821
2020-09-17,FIRM_C,0.861
2020-09-18,FIRM_C,0.8636
2020-09-21,FIRM_C,0.8843
2020-09-22,FIRM_C,1.0107
2020-09-23,FIRM_C,0.8136
2020-09-24,FIRM_C,0.8884
2020-09-25,FIRM_C,1.0796
2020-09-28,FIRM_C,1.1126
2020-09-29,FIRM_C,1.2214
2020-09-30,FIRM_C,1.1782
2020-10-01,FIRM_C,0.9507
2020-10-02,FIRM_C,0.9406
2020-10-05,FIRM_C,0.9863
2020-10-06,FIRM_C,1.1037
2020-10-07,FIRM_C,1.1501
2020-10-08,FIRM_C,1.3402
2020-10-09,FIRM_C,1.1609
2020-10-12,FIRM_C,1.3476
2020-10-13,FIRM_C,1.4037
2020-10-14,FIRM_C,1.6107
2020-10-15,FIRM_C,1.5457
2020-10-16,FIRM_C,1.4673
2020-10-19,FIRM_C,1.704
2020-10-20,FIRM_C,1.7621
2020-10-21,FIRM_C,1.7432
2020-10-22,FIRM_C,1.6976
2020-10-23,FIRM_C,1.7442
2020-10-26,FIRM_C,1.8746
2020-10-27,FIRM_C,1.6182
2020-10-28,FIRM_C,1.2646
2020-10-29,FIRM_C,1.8509
2020-10-30,FIRM_C,1.9414
2020-11-02,FIRM_C,1.6896
2020-11-03,FIRM_C,1.9758
2020-11-04,FIRM_C,1.9712
2020-11-05,FIRM_C,1.7956
2020-11-06,FIRM_C,1.8265
2020-11-09,FIRM_C,2.1737
2020-11-10,FIRM_C,1.8485
2020-11-11,FIRM_C,1.851
2020-11-12,FIRM_C,2.0244
2020-11-13,FIRM_C,1.4329
2020-11-16,FIRM_C,1.391
2020-11-17,FIRM_C,1.223
2020-11-18,FIRM_C,1.395
2020-11-19,FIRM_C,1.3272
2020-11-20,FIRM_C,1.4126
2020-11-23,FIRM_C,1.5886
2020-11-24,FIRM_C,1.6468
2020-11-25,FIRM_C,1.5848
2020-11-26,FIRM_C,1.4449
2020-11-27,FIRM_C,1.3585
2020-11-30,FIRM_C,1.7555
2020-12-01,FIRM_C,1.8312
2020-12-02,FIRM_C,1.6394
2020-12-03,FIRM_C,1.6605
2020-12-04,FIRM_C,1.8189
2020-12-07,FIRM_C,2.0984
2020-12-08,FIRM_C,1.9219
2020-12-09,FIRM_C,2.1848
2020-12-10,FIRM_C,2.2981
2020-12-11,FIRM_C,2.5011
2020-12-14,FIRM_C,2.7371
2020-12-15,FIRM_C,2.8742
2020-12-16,FIRM_C,2.3766
2020-12-17,FIRM_C,1.9864
2020-01-01,FIRM_D,0.2049
2020-01-02,FIRM_D,0.2382
2020-01-03,FIRM_D,0.2462
2020-01-06,FIRM_D,0.2759
2020-01-07,FIRM_D,0.2433
2020-01-08,FIRM_D,0.2521
2020-01-09,FIRM_D,0.2575
2020-01-10,FIRM_D,0.2493
2020-01-13,FIRM_D,0.2505
2020-01-14,FIRM_D,0.2311
2020-01-15,FIRM_D,0.2987
2020-01-16,FIRM_D,0.2507
2020-01-17,FIRM_D,0.2477
2020-01-20,FIRM_D,0.2622
2020-01-21,FIRM_D,0.2352
2020-01-22,FIRM_D,0.2459
2020-01-23,FIRM_D,0.254
2020-01-24,FIRM_D,0.2892
2020-01-27,FIRM_D,0.2655
2020-01-28,FIRM_D,0.2524
2020-01-29,FIRM_D,0.2452
2020-01-30,FIRM_D,0.2112
2020-01-31,FIRM_D,0.2903
2020-02-03,FIRM_D,0.2824
2020-02-04,FIRM_D,0.2621
2020-02-05,FIRM_D,0.2574
2020-02-06,FIRM_D,0.2631
2020-02-07,FIRM_D,0.2741
2020-02-10,FIRM_D,0.2681
2020-02-11,FIRM_D,0.2547
2020-02-12,FIRM_D,0.2032
2020-02-13,FIRM_D,0.256
2020-02-14,FIRM_D,0.2494
2020-02-17,FIRM_D,0.2593
2020-02-18,FIRM_D,0.2698
2020-02-19,FIRM_D,0.2524
2020-02-20,FIRM_D,0.249
2020-02-21,FIRM_D,0.2441
2020-02-24,FIRM_D,0.2633
2020-02-25,FIRM_D,0.2499
2020-02-26,FIRM_D,0.2613
2020-02-27,FIRM_D,0.2322
2020-02-28,FIRM_D,0.2823
2020-03-02,FIRM_D,0.2533
2020-03-03,FIRM_D,0.2082
2020-03-04,FIRM_D,0.2993
2020-03-05,FIRM_D,0.2836
2020-03-06,FIRM_D,0.2415
2020-03-09,FIRM_D,0.2618
2020-03-10,FIRM_D,0.2249
2020-03-11,FIRM_D,0.2655
2020-03-12,FIRM_D,0.2322
2020-03-13,FIRM_D,0.2254
2020-03-16,FIRM_D,0.2701
2020-03-17,FIRM_D,0.2614
2020-03-18,FIRM_D,0.2076
2020-03-19,FIRM_D,0.2504
2020-03-20,FIRM_D,0.2859
2020-03-23,FIRM_D,0.2711
2020-03-24,FIRM_D,0.2421
2020-03-25,FIRM_D,0.2434
2020-03-26,FIRM_D,0.2356
2020-03-27,FIRM_D,0.2162
2020-03-30,FIRM_D,0.2632
2020-03-31,FIRM_D,0.2586
2020-04-01,FIRM_D,0.2357
2020-04-02,FIRM_D,0.242
2020-04-03,FIRM_D,0.2969
2020-04-06,FIRM_D,0.2648
2020-04-07,FIRM_D,0.2828
2020-04-08,FIRM_D,0.2308
2020-04-09,FIRM_D,0.2569
2020-04-10,FIRM_D,0.2453
2020-04-13,FIRM_D,0.2715
2020-04-14,FIRM_D,0.2562
2020-04-15,FIRM_D,0.2318
2020-04-16,FIRM_D,0.2546
2020-04-17,FIRM_D,0.2596
2020-04-20,FIRM_D,0.2659
2020-04-21,FIRM_D,0.2191
2020-04-22,FIRM_D,0.2547
2020-04-23,FIRM_D,0.2138
2020-04-24,FIRM_D,0.2488
2020-04-27,FIRM_D,0.2604
2020-04-28,FIRM_D,0.231
2020-04-29,FIRM_D,0.2327
2020-04-30,FIRM_D,0.2226
2020-05-01,FIRM_D,0.2207
2020-05-04,FIRM_D,0.2332
2020-05-05,FIRM_D,0.2633
2020-05-06,FIRM_D,0.2256
2020-05-07,FIRM_D,0.2736
2020-05-08,FIRM_D,0.2472
2020-05-11,FIRM_D,0.2202
2020-05-12,FIRM_D,0.2574
2020-05-13,FIRM_D,0.2866
2020-05-14,FIRM_D,0.235
2020-05-15,FIRM_D,0.2605
2020-05-18,FIRM_D,0.2655
2020-05-19,FIRM_D,0.2472
2020-05-20,FIRM_D,0.2663
2020-05-21,FIRM_D,0.2386
2020-05-22,FIRM_D,0.2316
2020-05-25,FIRM_D,0.2611
2020-05-26,FIRM_D,0.2511
2020-05-27,FIRM_D,0.227
2020-05-28,FIRM_D,0.2471
2020-05-29,FIRM_D,0.2298
2020-06-01,FIRM_D,0.2405
2020-06-02,FIRM_D,0.2619
2020-06-03,FIRM_D,0.2875
2020-06-04,FIRM_D,0.2507
2020-06-05,FIRM_D,0.2812
2020-06-08,FIRM_D,0.3055
2020-06-09,FIRM_D,0.2582
2020-06-10,FIRM_D,0.2902
2020-06-11,FIRM_D,0.2428
2020-06-12,FIRM_D,0.2607
2020-06-15,FIRM_D,0.2302
2020-06-16,FIRM_D,0.2428
2020-06-17,FIRM_D,0.2697
2020-06-18,FIRM_D,0.2397
2020-06-19,FIRM_D,0.2562
2020-06-22,FIRM_D,0.2948
2020-06-23,FIRM_D,0.2108
2020-06-24,FIRM_D,0.2775
2020-06-25,FIRM_D,0.2483
2020-06-26,FIRM_D,0.2244
2020-06-29,FIRM_D,0.2967
2020-06-30,FIRM_D,0.2066
2020-07-01,FIRM_D,0.2671
2020-07-02,FIRM_D,0.2309
2020-07-03,FIRM_D,0.2419
2020-07-06,FIRM_D,0.2624
2020-07-07,FIRM_D,0.2578
2020-07-08,FIRM_D,0.2614
2020-07-09,FIRM_D,0.2366
2020-07-10,FIRM_D,0.2542
2020-07-13,FIRM_D,0.2526
2020-07-14,FIRM_D,0.2548
2020-07-15,FIRM_D,0.2483
2020-07-16,FIRM_D,0.2618
2020-07-17,FIRM_D,0.2483
2020-07-20,FIRM_D,0.2669
2020-07-21,FIRM_D,0.2384
2020-07-22,FIRM_D,0.2727
2020-07-23,FIRM_D,0.267
2020-07-24,FIRM_D,0.2644
2020-07-27,FIRM_D,0.2772
2020-07-28,FIRM_D,0.2303
2020-07-29,FIRM_D,0.2853
2020-07-30,FIRM_D,0.2237
2020-07-31,FIRM_D,0.2929
2020-08-03,FIRM_D,0.2871
2020-08-04,FIRM_D,0.2447
2020-08-05,FIRM_D,0.243
2020-08-06,FIRM_D,0.2526
2020-08-07,FIRM_D,0.2602
2020-08-10,FIRM_D,0.1973
2020-08-11,FIRM_D,0.2267
2020-08-12,FIRM_D,0.2155
2020-08-13,FIRM_D,0.2486
2020-08-14,FIRM_D,0.2733
2020-08-17,FIRM_D,0.259
2020-08-18,FIRM_D,0.2477
2020-08-19,FIRM_D,0.257
2020-08-20,FIRM_D,0.2327
2020-08-21,FIRM_D,0.3043
2020-08-24,FIRM_D,0.2066
2020-08-25,FIRM_D,0.2441
2020-08-26,FIRM_D,0.2799
2020-08-27,FIRM_D,0.2709
2020-08-28,FIRM_D,0.2433
2020-08-31,FIRM_D,0.2523
2020-09-01,FIRM_D,0.2786
2020-09-02,FIRM_D,0.2946
2020-09-03,FIRM_D,0.2536
2020-09-04,FIRM_D,0.272
2020-09-07,FIRM_D,0.2464
2020-09-08,FIRM_D,0.2831
2020-09-09,FIRM_D,0.2981
2020-09-10,FIRM_D,0.2382
2020-09-11,FIRM_D,0.2744
2020-09-14,FIRM_D,0.2348
2020-09-15,FIRM_D,0.2796
2020-09-16,FIRM_D,0.2695
2020-09-17,FIRM_D,0.2573
2020-09-18,FIRM_D,0.2597
2020-09-21,FIRM_D,0.2691
2020-09-22,FIRM_D,0.2866
2020-09-23,FIRM_D,0.2899
2020-09-24,FIRM_D,0.2154
2020-09-25,FIRM_D,0.2466
2020-09-28,FIRM_D,0.2325
2020-09-29,FIRM_D,0.2565
2020-09-30,FIRM_D,0.2252
2020-10-01,FIRM_D,0.2514
2020-10-02,FIRM_D,0.2714
2020-10-05,FIRM_D,0.2218
2020-10-06,FIRM_D,0.2512
2020-10-07,FIRM_D,0.2425
2020-10-08,FIRM_D,0.2374
2020-10-09,FIRM_D,0.2784
2020-10-12,FIRM_D,0.2456
2020-10-13,FIRM_D,0.2412
2020-10-14,FIRM_D,0.2347
2020-10-15,FIRM_D,0.2645
2020-10-16,FIRM_D,0.1835
2020-10-19,FIRM_D,0.2547
2020-10-20,FIRM_D,0.2383
2020-10-21,FIRM_D,0.3406
2020-10-22,FIRM_D,0.2599
2020-10-23,FIRM_D,0.2397
2020-10-26,FIRM_D,0.2915
2020-10-27,FIRM_D,0.2644
2020-10-28,FIRM_D,0.2347
2020-10-29,FIRM_D,0.221
2020-10-30,FIRM_D,0.2359
2020-11-02,FIRM_D,0.2191
2020-11-03,FIRM_D,0.2848
2020-11-04,FIRM_D,0.2717
2020-11-05,FIRM_D,0.2888
2020-11-06,FIRM_D,0.303
2020-11-09,FIRM_D,0.3271
2020-11-10,FIRM_D,0.2411
2020-11-11,FIRM_D,0.2606
2020-11-12,FIRM_D,0.2867
2020-11-13,FIRM_D,0.2412
2020-11-16,FIRM_D,0.2808
2020-11-17,FIRM_D,0.2794
2020-11-18,FIRM_D,0.2514
2020-11-19,FIRM_D,0.2498
2020-11-20,FIRM_D,0.2733
2020-11-23,FIRM_D,0.2618
2020-11-24,FIRM_D,0.2627
2020-11-25,FIRM_D,0.2891
2020-11-26,FIRM_D,0.2154
2020-11-27,FIRM_D,0.27
2020-11-30,FIRM_D,0.2257
2020-12-01,FIRM_D,0.2294
2020-12-02,FIRM_D,0.2733
2020-12-03,FIRM_D,0.2874
2020-12-04,FIRM_D,0.2637
2020-12-07,FIRM_D,0.2761
2020-12-08,FIRM_D,0.2503
2020-12-09,FIRM_D,0.2354
2020-12-10,FIRM_D,0.1943
2020-12-11,FIRM_D,0.2074
2020-12-14,FIRM_D,0.2499
2020-12-15,FIRM_D,0.2782
2020-12-16,FIRM_D,0.2308
2020-12-17,FIRM_D,0.2602
2020-01-01,FIRM_E,1.2325
2020-01-02,FIRM_E,1.0901
2020-01-03,FIRM_E,0.8921
2020-01-06,FIRM_E,1.0646
2020-01-07,FIRM_E,1.1253
2020-01-08,FIRM_E,1.1474
2020-01-09,FIRM_E,1.1238
2020-01-10,FIRM_E,1.1707
2020-01-13,FIRM_E,0.9735
2020-01-14,FIRM_E,1.1747
2020-01-15,FIRM_E,1.0415
2020-01-16,FIRM_E,1.0546
2020-01-17,FIRM_E,1.0901
2020-01-20,FIRM_E,1.2242
2020-01-21,FIRM_E,1.0794
2020-01-22,FIRM_E,1.198
2020-01-23,FIRM_E,1.0642
2020-01-24,FIRM_E,1.0161
2020-01-27,FIRM_E,1.0567
2020-01-28,FIRM_E,1.0376
2020-01-29,FIRM_E,1.11
2020-01-30,FIRM_E,1.2145
2020-01-31,FIRM_E,1.0148
2020-02-03,FIRM_E,1.287
2020-02-04,FIRM_E,1.1099
2020-02-05,FIRM_E,1.4367
2020-02-06,FIRM_E,1.3609
2020-02-07,FIRM_E,1.2468
2020-02-10,FIRM_E,1.0963
2020-02-11,FIRM_E,1.0367
2020-02-12,FIRM_E,1.4578
2020-02-13,FIRM_E,1.0342
2020-02-14,FIRM_E,1.128
2020-02-17,FIRM_E,1.1473
2020-02-18,FIRM_E,1.2241
2020-02-19,FIRM_E,1.3021
2020-02-20,FIRM_E,1.1133
2020-02-21,FIRM_E,1.321
2020-02-24,FIRM_E,1.1567
2020-02-25,FIRM_E,1.5765
2020-02-26,FIRM_E,1.3825
2020-02-27,FIRM_E,1.4988
2020-02-28,FIRM_E,1.5705
2020-03-02,FIRM_E,1.3839
2020-03-03,FIRM_E,1.456
2020-03-04,FIRM_E,1.4431
2020-03-05,FIRM_E,1.8709
2020-03-06,FIRM_E,1.6228
2020-03-09,FIRM_E,1.2494
2020-03-10,FIRM_E,1.5895
2020-03-11,FIRM_E,1.4187
2020-03-12,FIRM_E,1.3817
2020-03-13,FIRM_E,1.7298
2020-03-16,FIRM_E,1.661
2020-03-17,FIRM_E,1.4264
2020-03-18,FIRM_E,1.3471
2020-03-19,FIRM_E,1.3724
2020-03-20,FIRM_E,1.5015
2020-03-23,FIRM_E,1.7952
2020-03-24,FIRM_E,1.501
2020-03-25,FIRM_E,1.6507
2020-03-26,FIRM_E,1.3747
2020-03-27,FIRM_E,1.5662
2020-03-30,FIRM_E,1.3447
2020-03-31,FIRM_E,1.6976
2020-04-01,FIRM_E,1.3828
2020-04-02,FIRM_E,1.3893
2020-04-03,FIRM_E,1.574
2020-04-06,FIRM_E,1.8354
2020-04-07,FIRM_E,1.6235
2020-04-08,FIRM_E,1.8066
2020-04-09,FIRM_E,2.1875
2020-04-10,FIRM_E,1.8197
2020-04-13,FIRM_E,2.0136
2020-04-14,FIRM_E,1.7049
2020-04-15,FIRM_E,1.7407
2020-04-16,FIRM_E,1.766
2020-04-17,FIRM_E,1.7878
2020-04-20,FIRM_E,1.7065
2020-04-21,FIRM_E,1.5796
2020-04-22,FIRM_E,1.8345
2020-04-23,FIRM_E,1.5085
2020-04-24,FIRM_E,1.436
2020-04-27,FIRM_E,1.6796
2020-04-28,FIRM_E,1.5412
2020-04-29,FIRM_E,1.719
2020-04-30,FIRM_E,1.8005
2020-05-01,FIRM_E,1.7817
2020-05-04,FIRM_E,1.7425
2020-05-05,FIRM_E,1.7791
2020-05-06,FIRM_E,1.6739
2020-05-07,FIRM_E,1.4149
2020-05-08,FIRM_E,1.5274
2020-05-11,FIRM_E,1.6294
2020-05-12,FIRM_E,1.6407
2020-05-13,FIRM_E,1.7036
2020-05-14,FIRM_E,1.7113
2020-05-15,FIRM_E,1.1765
2020-05-18,FIRM_E,1.6097
2020-05-19,FIRM_E,1.7154
2020-05-20,FIRM_E,1.3478
2020-05-21,FIRM_E,1.6063
2020-05-22,FIRM_E,1.9349
2020-05-25,FIRM_E,1.872
2020-05-26,FIRM_E,1.5751
2020-05-27,FIRM_E,2.1147
2020-05-28,FIRM_E,1.8291
2020-05-29,FIRM_E,2.1894
2020-06-01,FIRM_E,1.7697
2020-06-02,FIRM_E,2.2731
2020-06-03,FIRM_E,2.1415
2020-06-04,FIRM_E,1.891
2020-06-05,FIRM_E,2.0623
2020-06-08,FIRM_E,2.0894
2020-06-09,FIRM_E,1.9495
2020-06-10,FIRM_E,1.3442
2020-06-11,FIRM_E,1.9972
2020-06-12,FIRM_E,2.0432
2020-06-15,FIRM_E,1.8304
2020-06-16,FIRM_E,1.697
2020-06-17,FIRM_E,1.9635
2020-06-18,FIRM_E,2.2655
2020-06-19,FIRM_E,1.9215
2020-06-22,FIRM_E,2.3263
2020-06-23,FIRM_E,1.9464
2020-06-24,FIRM_E,2.292
2020-06-25,FIRM_E,2.3584
2020-06-26,FIRM_E,2.055
2020-06-29,FIRM_E,2.4788
2020-06-30,FIRM_E,2.4779
2020-07-01,FIRM_E,3.2746
2020-07-02,FIRM_E,3.1958
2020-07-03,FIRM_E,2.3412
2020-07-06,FIRM_E,2.4957
2020-07-07,FIRM_E,3.0237
2020-07-08,FIRM_E,3.513
2020-07-09,FIRM_E,2.4515
2020-07-10,FIRM_E,3.1797
2020-07-13,FIRM_E,3.3855
2020-07-14,FIRM_E,2.8427
2020-07-15,FIRM_E,3.1472
2020-07-16,FIRM_E,3.5888
2020-07-17,FIRM_E,3.297
2020-07-20,FIRM_E,2.9654
2020-07-21,FIRM_E,4.0175
2020-07-22,FIRM_E,3.0403
2020-07-23,FIRM_E,3.0428
2020-07-24,FIRM_E,3.1276
2020-07-27,FIRM_E,3.44
2020-07-28,FIRM_E,3.5331
2020-07-29,FIRM_E,3.6038
2020-07-30,FIRM_E,3.593
2020-07-31,FIRM_E,3.4313
2020-08-03,FIRM_E,3.4862
2020-08-04,FIRM_E,3.4951
2020-08-05,FIRM_E,3.657
2020-08-06,FIRM_E,3.4427
2020-08-07,FIRM_E,2.8319
2020-08-10,FIRM_E,3.764
2020-08-11,FIRM_E,3.3595
2020-08-12,FIRM_E,3.8256
2020-08-13,FIRM_E,4.2601
2020-08-14,FIRM_E,3.9478
2020-08-17,FIRM_E,4.048
2020-08-18,FIRM_E,4.1542
2020-08-19,FIRM_E,4.2403
2020-08-20,FIRM_E,3.436
2020-08-21,FIRM_E,4.42
2020-08-24,FIRM_E,3.8422
2020-08-25,FIRM_E,4.4402
2020-08-26,FIRM_E,4.4826
2020-08-27,FIRM_E,4.9809
2020-08-28,FIRM_E,3.6006
2020-08-31,FIRM_E,4.2526
2020-09-01,FIRM_E,4.6504
2020-09-02,FIRM_E,4.5503
2020-09-03,FIRM_E,4.8492
2020-09-04,FIRM_E,4.1178
2020-09-07,FIRM_E,5.2667
2020-09-08,FIRM_E,5.432
2020-09-09,FIRM_E,4.6238
2020-09-10,FIRM_E,5.7045
2020-09-11,FIRM_E,5.0648
2020-09-14,FIRM_E,4.5695
2020-09-15,FIRM_E,5.9432
2020-09-16,FIRM_E,4.5787
2020-09-17,FIRM_E,5.5984
2020-09-18,FIRM_E,5.5469
2020-09-21,FIRM_E,5.0202
2020-09-22,FIRM_E,5.4053
2020-09-23,FIRM_E,4.6965
2020-09-24,FIRM_E,5.1092
2020-09-25,FIRM_E,5.9873
2020-09-28,FIRM_E,5.7142
2020-09-29,FIRM_E,5.1832
2020-09-30,FIRM_E,5.8438
2020-10-01,FIRM_E,6.4557
2020-10-02,FIRM_E,6.4403
2020-10-05,FIRM_E,5.5688
2020-10-06,FIRM_E,7.1593
2020-10-07,FIRM_E,5.9637
2020-10-08,FIRM_E,5.7247
2020-10-09,FIRM_E,6.476
2020-10-12,FIRM_E,5.6447
2020-10-13,FIRM_E,6.6599
2020-10-14,FIRM_E,7.9459
2020-10-15,FIRM_E,6.4362
2020-10-16,FIRM_E,6.6219
2020-10-19,FIRM_E,6.3253
2020-10-20,FIRM_E,6.9996
2020-10-21,FIRM_E,7.6078
2020-10-22,FIRM_E,9.6467
2020-10-23,FIRM_E,8.1575
2020-10-26,FIRM_E,9.4911
2020-10-27,FIRM_E,10.1302
2020-10-28,FIRM_E,8.4036
2020-10-29,FIRM_E,7.6764
2020-10-30,FIRM_E,8.8637
2020-11-02,FIRM_E,7.0617
2020-11-03,FIRM_E,10.7008
2020-11-04,FIRM_E,10.3334
2020-11-05,FIRM_E,8.902
2020-11-06,FIRM_E,10.3908
2020-11-09,FIRM_E,10.6444
2020-11-10,FIRM_E,10.5458
2020-11-11,FIRM_E,12.4683
2020-11-12,FIRM_E,13.1443
2020-11-13,FIRM_E,10.7786
2020-11-16,FIRM_E,11.5547
2020-11-17,FIRM_E,12.391
2020-11-18,FIRM_E,17.0567
2020-11-19,FIRM_E,12.9048
2020-11-20,FIRM_E,16.4463
2020-11-23,FIRM_E,15.9196
2020-11-24,FIRM_E,15.2226
2020-11-25,FIRM_E,17.5447
2020-11-26,FIRM_E,16.332
2020-11-27,FIRM_E,16.6953
2020-11-30,FIRM_E,16.4983
2020-12-01,FIRM_E,18.8328
2020-12-02,FIRM_E,15.3933
2020-12-03,FIRM_E,18.1578
2020-12-04,FIRM_E,21.386
2020-12-07,FIRM_E,26.1876
2020-12-08,FIRM_E,33.8446
2020-12-09,FIRM_E,36.8165
2020-12-10,FIRM_E,38.7501
2020-12-11,FIRM_E,44.1392
2020-12-14,FIRM_E,57.465
2020-12-15,FIRM_E,67.1213
2020-12-16,FIRM_E,101.2025
2020-12-17,FIRM_E,75.8634
